{
  "summaries": {
    "recon_pure": 773.6159018513785,
    "recon_full": 246.1669116530866,
    "contrastive_pure": 337.5270200424734,
    "contrastive_norelatum": 90.74945138655896,
    "contrastive_full": 95.11173206493238
  },
  "safe_step_stats": {
    "mean": 40.16,
    "std": 3.0057278652599275
  },
  "n_tasks": 100
}