{
  "within_arch_cka": {
    "cnn": {
      "mean": 0.9068936491948674,
      "std": 0.005963699065717385,
      "values": [
        0.9072176333538959,
        0.8994330383749214,
        0.9140302758557849
      ]
    },
    "mlp": {
      "mean": 0.4996465601893228,
      "std": 0.03613358839479785,
      "values": [
        0.4485473128642647,
        0.5248729075978347,
        0.525519460105869
      ]
    },
    "vit": {
      "mean": 0.781512001274035,
      "std": 0.014512005776749742,
      "values": [
        0.7713062979498825,
        0.7711947302958349,
        0.8020349755763876
      ]
    },
    "cnn_wide": {
      "mean": 0.8746757068944518,
      "std": 0.016870908386173895,
      "values": [
        0.8647619447189245,
        0.8608381921603936,
        0.8984269838040376
      ]
    }
  },
  "cross_arch_cka": {
    "cnn_vs_mlp": {
      "mean": 0.5117237915533465,
      "std": 0.04064387392127379
    },
    "cnn_vs_vit": {
      "mean": 0.7025806726681983,
      "std": 0.026775721049216775
    },
    "cnn_vs_cnn_wide": {
      "mean": 0.8950292064439773,
      "std": 0.01775085999368197
    },
    "mlp_vs_vit": {
      "mean": 0.45710927421567643,
      "std": 0.041739816914319335
    },
    "mlp_vs_cnn_wide": {
      "mean": 0.526523345061372,
      "std": 0.041880483396792414
    },
    "vit_vs_cnn_wide": {
      "mean": 0.7183263199575939,
      "std": 0.01949731881145015
    }
  },
  "cross_arch_mean": 0.6352154349833606,
  "cross_arch_std": 0.15507790547772993,
  "random_baseline_cka": 0.389,
  "effective_ranks": {
    "cnn_seed42": 16.12351417541504,
    "cnn_seed137": 14.440947532653809,
    "cnn_seed999": 15.524303436279297,
    "mlp_seed42": 20.28704833984375,
    "mlp_seed137": 20.48235321044922,
    "mlp_seed999": 20.706762313842773,
    "vit_seed42": 18.621305465698242,
    "vit_seed137": 17.78432273864746,
    "vit_seed999": 16.9052677154541,
    "cnn_wide_seed42": 12.2499418258667,
    "cnn_wide_seed137": 14.21866226196289,
    "cnn_wide_seed999": 13.512450218200684
  },
  "intervention": {
    "cnn": {
      "causal_count": 2,
      "n_directions": 4,
      "mono_rates": [
        1.0,
        1.0,
        0.15,
        0.2
      ]
    },
    "mlp": {
      "causal_count": 2,
      "n_directions": 4,
      "mono_rates": [
        1.0,
        0.0,
        0.15,
        1.0
      ]
    },
    "vit": {
      "causal_count": 2,
      "n_directions": 4,
      "mono_rates": [
        0.0,
        1.0,
        0.0,
        1.0
      ]
    },
    "cnn_wide": {
      "causal_count": 4,
      "n_directions": 4,
      "mono_rates": [
        1.0,
        1.0,
        1.0,
        1.0
      ]
    }
  }
}