{
  "train_loss": [
    0.08307062927087148,
    0.07505790856017007,
    0.05724574049843682,
    0.0484811726099915,
    0.04112735999160343,
    0.03852475875814756,
    0.034123031219508916,
    0.031595285660028456,
    0.028767230639192794,
    0.026820796310239366,
    0.026192873722977107,
    0.023690729616085687,
    0.022150024187895988,
    0.021484910636146864,
    0.02047210907737414,
    0.020134465326865515,
    0.01996615640686618,
    0.019774753192398284,
    0.019169560105270808,
    0.018566049571169748,
    0.01836692118909624,
    0.01821917534503672,
    0.01803776435189777,
    0.017650560150543847,
    0.017227481408251658,
    0.016965184212724367,
    0.016856651254826122,
    0.01680964002145661,
    0.01674726363917192,
    0.01665061242249277,
    0.016608547769321337,
    0.016524299417601692,
    0.016451120029555427,
    0.016358089410927562,
    0.016165236089958086,
    0.016002484888831773,
    0.015731179738044738,
    0.015368165197968483,
    0.01498655785355303,
    0.014719933141933548,
    0.014532575412591299,
    0.0144531523383326,
    0.014366031576196352,
    0.014322120903929075,
    0.014257874379555384,
    0.014259351884325346,
    0.014228856203291151,
    0.014235512218210433,
    0.014190250089433459,
    0.01419179967045784
  ],
  "val_loss": [
    0.00024690611101686955,
    0.00019908309560269117,
    0.0003299963129218668,
    0.0005934110246598721,
    0.00033721563275903465,
    0.000680806072242558,
    0.0012155415520071983,
    0.0009769249852746725,
    0.0016514706149697305,
    0.0009473368808627129,
    0.001312924719788134,
    0.0010990833740681409,
    0.0008726651697419583,
    0.000981261349003762,
    0.0008638622157275677,
    0.0008554132161661983,
    0.0006415321989916264,
    0.0010962160434573888,
    0.0007521271632984281,
    0.0007409950032830239,
    0.0007818756781518459,
    0.000557102408260107,
    0.0007678370995447039,
    0.0007709316750057042,
    0.0008596070647239685,
    0.000921531495358795,
    0.0005440508409403264,
    0.0006537420931272209,
    0.00046805984973907473,
    0.0004601021988783032,
    0.0005352061815559864,
    0.0004210026887245476,
    0.00046129717542789877,
    0.0005521818897686898,
    0.00038094255053438246,
    0.00034132861169055103,
    0.00038152261059731243,
    0.00035939866453409196,
    0.000372619858244434,
    0.0003255490875337273,
    0.00033598525780253113,
    0.00031540238480083643,
    0.00029015839179046454,
    0.0002859113914892077,
    0.0002704169983975589,
    0.00025348790199495854,
    0.0002547879114281386,
    0.0002470379706704989,
    0.0002444889125414193,
    0.0002427943709306419
  ],
  "component_losses": [
    {
      "pred": 0.0023142319014813335,
      "vicreg": 0.8075639610714382
    },
    {
      "pred": 0.0004235095665971231,
      "vicreg": 0.7463439749823676
    },
    {
      "pred": 0.00044170211451128124,
      "vicreg": 0.5680403747134738
    },
    {
      "pred": 0.00040844131267836524,
      "vicreg": 0.48072730555004545
    },
    {
      "pred": 0.0004965949705594944,
      "vicreg": 0.4063076429578993
    },
    {
      "pred": 0.0005067889897980624,
      "vicreg": 0.3801796900643243
    },
    {
      "pred": 0.0006524204541929066,
      "vicreg": 0.3347061004744636
    },
    {
      "pred": 0.0006922472883015871,
      "vicreg": 0.30903037804497613
    },
    {
      "pred": 0.0007409256554933058,
      "vicreg": 0.280263046280543
    },
    {
      "pred": 0.0006750787963780264,
      "vicreg": 0.26145717148251
    },
    {
      "pred": 0.000621853520307276,
      "vicreg": 0.255710198296441
    },
    {
      "pred": 0.0009237532565991084,
      "vicreg": 0.2276697598616282
    },
    {
      "pred": 0.0007667752310219738,
      "vicreg": 0.2138324857711792
    },
    {
      "pred": 0.000767701504410555,
      "vicreg": 0.2071720883369446
    },
    {
      "pred": 0.0008090738158466087,
      "vicreg": 0.19663034898704954
    },
    {
      "pred": 0.0006718470656519963,
      "vicreg": 0.19462617933485243
    },
    {
      "pred": 0.0006170335631403658,
      "vicreg": 0.1934912247074975
    },
    {
      "pred": 0.0006098626258679562,
      "vicreg": 0.1916489022043016
    },
    {
      "pred": 0.0006775942931365635,
      "vicreg": 0.18491965460777282
    },
    {
      "pred": 0.0006687912870198488,
      "vicreg": 0.17897257918251885
    },
    {
      "pred": 0.0006092819152089457,
      "vicreg": 0.17757638960944283
    },
    {
      "pred": 0.0005755607588009702,
      "vicreg": 0.1764361420419481
    },
    {
      "pred": 0.0005513609042391181,
      "vicreg": 0.1748640309386783
    },
    {
      "pred": 0.0005720859790634778,
      "vicreg": 0.17078473794460297
    },
    {
      "pred": 0.0005869003205611888,
      "vicreg": 0.1664058069758945
    },
    {
      "pred": 0.0005462293246760964,
      "vicreg": 0.1641895451174842
    },
    {
      "pred": 0.0004979307800117467,
      "vicreg": 0.16358720121383666
    },
    {
      "pred": 0.00044582294491637086,
      "vicreg": 0.163638167280621
    },
    {
      "pred": 0.00042567761470046307,
      "vicreg": 0.16321585630575816
    },
    {
      "pred": 0.00039320887909788225,
      "vicreg": 0.16257403149074978
    },
    {
      "pred": 0.0003737599236683713,
      "vicreg": 0.16234787459373473
    },
    {
      "pred": 0.00035654192971479564,
      "vicreg": 0.16167757114834255
    },
    {
      "pred": 0.00034481580193257996,
      "vicreg": 0.16106303866174487
    },
    {
      "pred": 0.00033159877163771955,
      "vicreg": 0.16026490306324429
    },
    {
      "pred": 0.00031868544913207493,
      "vicreg": 0.15846550370852153
    },
    {
      "pred": 0.00031706411234206624,
      "vicreg": 0.1568542049354977
    },
    {
      "pred": 0.00032546669319789443,
      "vicreg": 0.1540571278942956
    },
    {
      "pred": 0.00033526957363097206,
      "vicreg": 0.15032895406617058
    },
    {
      "pred": 0.00033348448790299393,
      "vicreg": 0.14653073154555427
    },
    {
      "pred": 0.00032598355312107337,
      "vicreg": 0.1439394942389594
    },
    {
      "pred": 0.0003041314059868455,
      "vicreg": 0.14228443825244905
    },
    {
      "pred": 0.0002872516628406528,
      "vicreg": 0.1416590048260159
    },
    {
      "pred": 0.0002731610239379936,
      "vicreg": 0.1409287035783132
    },
    {
      "pred": 0.00025939340718194014,
      "vicreg": 0.14062727292378743
    },
    {
      "pred": 0.00024650780732433003,
      "vicreg": 0.14011366368399725
    },
    {
      "pred": 0.00023670540053345677,
      "vicreg": 0.1402264628648758
    },
    {
      "pred": 0.00022865186975234086,
      "vicreg": 0.1400020416047838
    },
    {
      "pred": 0.00022399375311409433,
      "vicreg": 0.14011518286599053
    },
    {
      "pred": 0.0002199344004659603,
      "vicreg": 0.13970315482351514
    },
    {
      "pred": 0.00021787356412452129,
      "vicreg": 0.13973925914234586
    }
  ]
}