{
  "train_loss": [
    0.020445305835041734,
    0.005081776642882162,
    0.004495562074002293,
    0.004206258838954899,
    0.00384755597907222,
    0.0037572199474606247,
    0.0036299618816210163,
    0.0035368187723888293,
    0.003425652856545316,
    0.0033378880861732693,
    0.0031905829849756427,
    0.002974957678632604,
    0.002927090153015322,
    0.0027644714749107758,
    0.0026672298833313917,
    0.002599570330687695,
    0.002561920847536789,
    0.002490104444573323,
    0.002395583205235501,
    0.002307692456493775,
    0.0022395968849046365,
    0.002190023208782077,
    0.002148943852653934,
    0.0021063504379242657,
    0.0020241705746286446,
    0.0019608060859143735,
    0.0019281647411278553,
    0.0018935005812181368,
    0.0018864297286710805,
    0.0018166402524958055,
    0.0017776563742508491,
    0.0017432551143897904,
    0.001707445208997362,
    0.0016785127583684193,
    0.0016534305260206261,
    0.0016257555447311866,
    0.0016049721656574143,
    0.001584856295875377,
    0.0015639574607006377,
    0.0015488470611059004,
    0.0015330104761860437,
    0.0015170331951851646,
    0.001506180780277484,
    0.00149501695935097,
    0.0014857669246693451,
    0.0014778030128942596,
    0.0014714236612949107,
    0.0014666107558748789,
    0.0014629575277575189,
    0.001460845007830196
  ],
  "val_loss": [
    0.0005400668506510555,
    0.00032030082023702563,
    0.0003002420052886009,
    0.0002972432898823172,
    0.00020700529674068092,
    0.00020586716493126004,
    0.000198089747922495,
    0.00015856891253497452,
    0.00015533909141086043,
    0.0001315273731946945,
    0.0001251538951182738,
    0.00010855826538754628,
    0.00010656012309482322,
    9.402829315513373e-05,
    8.254177377093583e-05,
    7.688728410284967e-05,
    7.867057782132179e-05,
    7.679796488955617e-05,
    7.558984400238842e-05,
    7.190113884862512e-05,
    5.926369082881138e-05,
    5.630775267491117e-05,
    5.611668559722602e-05,
    5.435285526327789e-05,
    5.638631621841341e-05,
    4.934245379408821e-05,
    4.943078655633144e-05,
    4.403938453760929e-05,
    4.4680970523040744e-05,
    4.234040973824449e-05,
    4.1297975613269955e-05,
    3.982427262235433e-05,
    3.74902203126112e-05,
    3.518209883477539e-05,
    3.538481380674057e-05,
    3.4072459355229515e-05,
    3.229730042803567e-05,
    3.098623996484093e-05,
    3.0605823584483004e-05,
    2.9990515383542517e-05,
    2.9023827152559533e-05,
    2.8540279064327478e-05,
    2.7690117614110932e-05,
    2.7404114985256455e-05,
    2.705046412011143e-05,
    2.6770526362815872e-05,
    2.6650619239080698e-05,
    2.6500299290637487e-05,
    2.644073117116932e-05,
    2.6411443323013372e-05
  ],
  "component_losses": [
    {
      "pred": 0.005788009837362915,
      "nce": 0.014657295950998862
    },
    {
      "pred": 0.0004127871272205893,
      "nce": 0.0046689895141455865
    },
    {
      "pred": 0.0002955163730722335,
      "nce": 0.00420004570417934
    },
    {
      "pred": 0.00024987814979006846,
      "nce": 0.003956380691586269
    },
    {
      "pred": 0.00020810964771339463,
      "nce": 0.003639446328042282
    },
    {
      "pred": 0.0001870402259959115,
      "nce": 0.003570179721381929
    },
    {
      "pred": 0.00017054120282539062,
      "nce": 0.003459420676032702
    },
    {
      "pred": 0.00015131765955852137,
      "nce": 0.0033855011156449714
    },
    {
      "pred": 0.0001374657631593032,
      "nce": 0.0032881870921701193
    },
    {
      "pred": 0.00012541135673850982,
      "nce": 0.0032124767277389764
    },
    {
      "pred": 0.00011401465511363414,
      "nce": 0.003076568327554398
    },
    {
      "pred": 0.00010269317866251287,
      "nce": 0.002872264496609569
    },
    {
      "pred": 9.392815116767048e-05,
      "nce": 0.002833162001313435
    },
    {
      "pred": 8.813308751624492e-05,
      "nce": 0.0026763383821480804
    },
    {
      "pred": 8.116990263030554e-05,
      "nce": 0.002586059982246823
    },
    {
      "pred": 7.53245086926553e-05,
      "nce": 0.0025242458271897503
    },
    {
      "pred": 7.068475375935021e-05,
      "nce": 0.002491236093474759
    },
    {
      "pred": 6.810147838873996e-05,
      "nce": 0.0024220029670331215
    },
    {
      "pred": 6.456559573739974e-05,
      "nce": 0.00233101760763675
    },
    {
      "pred": 6.130377946279218e-05,
      "nce": 0.002246388670284715
    },
    {
      "pred": 5.7666593903882636e-05,
      "nce": 0.002181930290679965
    },
    {
      "pred": 5.456861047746821e-05,
      "nce": 0.0021354546039468714
    },
    {
      "pred": 5.280465063147454e-05,
      "nce": 0.0020961392011700406
    },
    {
      "pred": 5.059255580676513e-05,
      "nce": 0.002055757884764009
    },
    {
      "pred": 4.8610489920247346e-05,
      "nce": 0.0019755600845234264
    },
    {
      "pred": 4.7026449078435286e-05,
      "nce": 0.001913779637672835
    },
    {
      "pred": 4.465289090941143e-05,
      "nce": 0.0018835118527213732
    },
    {
      "pred": 4.330347303637407e-05,
      "nce": 0.0018501971104906666
    },
    {
      "pred": 4.18872152429281e-05,
      "nce": 0.001844542512256238
    },
    {
      "pred": 3.986818908403317e-05,
      "nce": 0.0017767720627288024
    },
    {
      "pred": 3.868222693304738e-05,
      "nce": 0.0017389741485317547
    },
    {
      "pred": 3.689959001429896e-05,
      "nce": 0.0017063555242286788
    },
    {
      "pred": 3.5595309033265544e-05,
      "nce": 0.0016718498999459875
    },
    {
      "pred": 3.432922853098717e-05,
      "nce": 0.0016441835291269753
    },
    {
      "pred": 3.3099895702131717e-05,
      "nce": 0.0016203306324779987
    },
    {
      "pred": 3.2099730330648726e-05,
      "nce": 0.0015936558140027853
    },
    {
      "pred": 3.100035684571291e-05,
      "nce": 0.0015739718083913128
    },
    {
      "pred": 2.994900606119902e-05,
      "nce": 0.0015549072906374931
    },
    {
      "pred": 2.913614948306026e-05,
      "nce": 0.0015348213096459706
    },
    {
      "pred": 2.8426198182731038e-05,
      "nce": 0.001520420862072044
    },
    {
      "pred": 2.7803095858932162e-05,
      "nce": 0.0015052073817700148
    },
    {
      "pred": 2.7145593613386153e-05,
      "nce": 0.001489887602109876
    },
    {
      "pred": 2.6666989621783916e-05,
      "nce": 0.0014795137903135683
    },
    {
      "pred": 2.6153400183668255e-05,
      "nce": 0.0014688635594935881
    },
    {
      "pred": 2.5868391793402324e-05,
      "nce": 0.0014598985359900527
    },
    {
      "pred": 2.5553879368817432e-05,
      "nce": 0.0014522491353046562
    },
    {
      "pred": 2.5353902280201308e-05,
      "nce": 0.0014460697569159998
    },
    {
      "pred": 2.522212266372258e-05,
      "nce": 0.001441388634716471
    },
    {
      "pred": 2.5105510340654293e-05,
      "nce": 0.0014378520184506972
    },
    {
      "pred": 2.505286162712663e-05,
      "nce": 0.0014357921486720443
    }
  ]
}