{
  "train_loss": [
    51.94228532647027,
    23.996484516737198,
    16.952102033148872,
    14.083885634189182,
    11.743689026896158,
    10.435969457499187,
    9.550916009521485,
    8.171787996588813,
    7.287533301713731,
    6.9532344117906355,
    6.536685758209228,
    6.207910737186008,
    5.75899010442098,
    5.423118435923258,
    5.288579026455349,
    5.043816197797987,
    4.614948892466227,
    4.414928037261963,
    4.117891169060601,
    3.8252229770236545,
    3.4846451083289254,
    3.3796957060919866,
    3.2639863237169053,
    3.088250055609809,
    3.0492383177439373,
    3.026724591064453,
    3.0057726773579914,
    2.9845177861531575,
    2.961388129382663,
    2.9369854340871173,
    2.923620024787055,
    2.912091560194227,
    2.8966239715152318,
    2.8870204882303874,
    2.8732489382425945,
    2.8485308465745716,
    2.750316183514065,
    2.637610181130303,
    2.613281539323595,
    2.5941573048061795,
    2.5748645131005183,
    2.54281513387892,
    2.492406573486328,
    2.4223961791144477,
    2.383489530436198,
    2.36599491136339,
    2.356766026602851,
    2.3507627561781144,
    2.3473346043480765,
    2.3457533729553224
  ],
  "val_loss": [
    0.017781826812028886,
    0.013989695063233375,
    0.010471632872521877,
    0.009011716668307782,
    0.013233191111683846,
    0.009885924303531647,
    0.01091418395936489,
    0.012690551084280015,
    0.009365690657496453,
    0.00868844201117754,
    0.008295993416011333,
    0.008566953767836094,
    0.008327170833945274,
    0.0076212965153157715,
    0.008097398098558188,
    0.008126417900621892,
    0.00823282383531332,
    0.010527164609730244,
    0.008183935396373273,
    0.00982506694495678,
    0.0075366282097995285,
    0.007760851141810417,
    0.007687481379508972,
    0.007343722666800022,
    0.006980851438641548,
    0.006563748694956303,
    0.006352109737694263,
    0.006113432143628597,
    0.006122817842662334,
    0.005983416359871626,
    0.006480121628940106,
    0.005670481467247009,
    0.005765148724615574,
    0.0055564900159835815,
    0.0056499552622437475,
    0.006099194812774658,
    0.0066379463821649555,
    0.006350166010856628,
    0.0062105019614100455,
    0.006214393477141857,
    0.006295710284262896,
    0.006649782028794289,
    0.007083186128735542,
    0.006865154445171356,
    0.006778722615540028,
    0.006720119779556989,
    0.006660932601243258,
    0.006648817460238933,
    0.006635613381117582,
    0.006628406803309918
  ],
  "component_losses": [
    {
      "pred": 0.051600087090333306,
      "recon": 51.89068519049751
    },
    {
      "pred": 0.023817563327153523,
      "recon": 23.972666948106554
    },
    {
      "pred": 0.01261886536710792,
      "recon": 16.939483185153538
    },
    {
      "pred": 0.011376685957776175,
      "recon": 14.072508949279785
    },
    {
      "pred": 0.011045429191655583,
      "recon": 11.732643596225314
    },
    {
      "pred": 0.009395794443620575,
      "recon": 10.426573649936252
    },
    {
      "pred": 0.009974980422854423,
      "recon": 9.540941042073568
    },
    {
      "pred": 0.011089697694447306,
      "recon": 8.160698289828831
    },
    {
      "pred": 0.009958770162529416,
      "recon": 7.277574532487657
    },
    {
      "pred": 0.008762382261123922,
      "recon": 6.944472020890978
    },
    {
      "pred": 0.008782899887363116,
      "recon": 6.527902853393555
    },
    {
      "pred": 0.008393205400473542,
      "recon": 6.199517522515191
    },
    {
      "pred": 0.008289494144254261,
      "recon": 5.750700617811415
    },
    {
      "pred": 0.008014737994720538,
      "recon": 5.415103695085314
    },
    {
      "pred": 0.007829839695990085,
      "recon": 5.280749183909098
    },
    {
      "pred": 0.007878131925066312,
      "recon": 5.035938068728977
    },
    {
      "pred": 0.008011856890221436,
      "recon": 4.606937036132813
    },
    {
      "pred": 0.007959340173502763,
      "recon": 4.406968693288167
    },
    {
      "pred": 0.007810604556236002,
      "recon": 4.110080559455024
    },
    {
      "pred": 0.008468965866996182,
      "recon": 3.816754007466634
    },
    {
      "pred": 0.0077326278733710445,
      "recon": 3.476912486139933
    },
    {
      "pred": 0.007459313239653906,
      "recon": 3.3722363931443957
    },
    {
      "pred": 0.00747724950272176,
      "recon": 3.256509075419108
    },
    {
      "pred": 0.007381087094876501,
      "recon": 3.0808689707014296
    },
    {
      "pred": 0.006878043655720022,
      "recon": 3.04236027208964
    },
    {
      "pred": 0.006481622663719787,
      "recon": 3.0202429643842907
    },
    {
      "pred": 0.006272879441248046,
      "recon": 2.999499799134996
    },
    {
      "pred": 0.006089271030906174,
      "recon": 2.978428516176012
    },
    {
      "pred": 0.005964998472068045,
      "recon": 2.9554231327056883
    },
    {
      "pred": 0.005858531654874484,
      "recon": 2.9311268971761066
    },
    {
      "pred": 0.005756740327510569,
      "recon": 2.9178632826063367
    },
    {
      "pred": 0.005627495676196284,
      "recon": 2.906464066611396
    },
    {
      "pred": 0.005557705387638675,
      "recon": 2.8910662664201525
    },
    {
      "pred": 0.005513811321059863,
      "recon": 2.8815066768222386
    },
    {
      "pred": 0.0055543697366284,
      "recon": 2.867694569015503
    },
    {
      "pred": 0.005762692939572864,
      "recon": 2.842768150202433
    },
    {
      "pred": 0.006514973975221316,
      "recon": 2.743801207521227
    },
    {
      "pred": 0.006275871281243033,
      "recon": 2.6313343074798583
    },
    {
      "pred": 0.006095552188158035,
      "recon": 2.6071859884897868
    },
    {
      "pred": 0.006067105508181784,
      "recon": 2.588090198771159
    },
    {
      "pred": 0.0061429629183477824,
      "recon": 2.5687215521070694
    },
    {
      "pred": 0.006417227664010392,
      "recon": 2.536397906557719
    },
    {
      "pred": 0.0068518444936308594,
      "recon": 2.4855547329796686
    },
    {
      "pred": 0.0069552088652220035,
      "recon": 2.4154409743414984
    },
    {
      "pred": 0.006745725940416256,
      "recon": 2.376743804211087
    },
    {
      "pred": 0.006675351955162155,
      "recon": 2.3593195640563964
    },
    {
      "pred": 0.006631037017454704,
      "recon": 2.3501349953545465
    },
    {
      "pred": 0.006601491860879792,
      "recon": 2.344161264589098
    },
    {
      "pred": 0.006584951435195075,
      "recon": 2.3407496505737306
    },
    {
      "pred": 0.006578826698081361,
      "recon": 2.3391745457119413
    }
  ]
}