{
  "summary": {
    "reconstruction": {
      "effective_rank": {
        "mean": 21.838090260823567,
        "std": 0.34460228068315935,
        "values": [
          22.161048889160156,
          21.992679595947266,
          21.36054229736328
        ]
      },
      "sindy_r2": {
        "mean": 0.3306009099259852,
        "std": 0.030649280087461577,
        "values": [
          0.2929996228899897,
          0.3680743937407083,
          0.33072871314725744
        ]
      },
      "planning_distance": {
        "mean": 839.7597929587728,
        "std": 47.556286059296525,
        "values": [
          773.6996120751949,
          861.8610274745189,
          883.7187393266042
        ]
      },
      "r2_curvature": {
        "mean": 0.5997603875629883,
        "std": 0.0012420519996213881,
        "values": [
          0.5993493288747427,
          0.5984869602408229,
          0.6014448735733995
        ]
      },
      "r2_velocity": {
        "mean": 0.8416986008019229,
        "std": 0.0002250402363431155,
        "values": [
          0.8414386525828481,
          0.8419875870320987,
          0.8416695627908221
        ]
      }
    },
    "predictive": {
      "effective_rank": {
        "mean": 18.330829620361328,
        "std": 0.22336985096984902,
        "values": [
          18.224990844726562,
          18.12598991394043,
          18.641508102416992
        ]
      },
      "sindy_r2": {
        "mean": 0.3803266652694462,
        "std": 0.08032231754777354,
        "values": [
          0.47920255409073875,
          0.2824616519642488,
          0.37931578975335106
        ]
      },
      "planning_distance": {
        "mean": 894.064560731058,
        "std": 52.1649212332851,
        "values": [
          907.5046939243408,
          950.1640024556567,
          824.5249858131763
        ]
      },
      "r2_curvature": {
        "mean": 0.5955484194727453,
        "std": 0.004452767658059085,
        "values": [
          0.5948011983817008,
          0.601337005106466,
          0.5905070549300693
        ]
      },
      "r2_velocity": {
        "mean": 0.8066784208441534,
        "std": 0.0009468443088691592,
        "values": [
          0.8053820203969325,
          0.8076169323286393,
          0.8070363098068881
        ]
      }
    },
    "contrastive": {
      "effective_rank": {
        "mean": 25.532683690388996,
        "std": 1.2850832654184234,
        "values": [
          27.303409576416016,
          25.001659393310547,
          24.29298210144043
        ]
      },
      "sindy_r2": {
        "mean": 0.22844162720143427,
        "std": 0.04733385441810214,
        "values": [
          0.25609692356509506,
          0.26740724656755643,
          0.16182071147165136
        ]
      },
      "planning_distance": {
        "mean": 377.5924719875757,
        "std": 39.281790540476315,
        "values": [
          337.4733444017387,
          430.93011119678414,
          364.37396036420427
        ]
      },
      "r2_curvature": {
        "mean": 0.4885561155704692,
        "std": 0.011997002333713565,
        "values": [
          0.5008778822964212,
          0.4924958582304737,
          0.47229460618451274
        ]
      },
      "r2_velocity": {
        "mean": 0.721743575105791,
        "std": 0.00733255266730201,
        "values": [
          0.7301823825997921,
          0.7227433081636204,
          0.7123050345539605
        ]
      }
    }
  },
  "tests": {
    "SINDy R2: Recon vs Predictive": {
      "t": -0.8179810196802154,
      "p": 0.48228133363147097,
      "sig": "ns"
    },
    "SINDy R2: Recon vs Contrastive": {
      "t": 2.5620523756941993,
      "p": 0.07276901571202993,
      "sig": "*"
    },
    "Planning: Recon vs Contrastive": {
      "t": 10.59635108510436,
      "p": 0.0005382876450001552,
      "sig": "**"
    },
    "Eff.Rank: Recon vs Predictive": {
      "t": 12.078041942491131,
      "p": 0.0006262053444629576,
      "sig": "**"
    }
  },
  "consistency": {
    "Predictive SINDy > Recon SINDy": "2/3",
    "Contrastive Planning < Recon Planning": "3/3",
    "Predictive ER < Recon ER": "3/3"
  }
}