{
  "exploration": {
    "episodes": 200,
    "transitions": 3000,
    "energy_not_counted": 3895.6,
    "graph_edges": 463,
    "graph_coverage": 1.0
  },
  "calibration": {
    "bend_up": {
      "mean": 1.1999999999999997,
      "std": 2.220446049250313e-16
    },
    "bend_down": {
      "mean": 1.1999999999999997,
      "std": 2.220446049250313e-16
    },
    "bend_left": {
      "mean": 1.1999999999999997,
      "std": 2.220446049250313e-16
    },
    "bend_right": {
      "mean": 1.1999999999999997,
      "std": 2.220446049250313e-16
    },
    "twist_cw": {
      "mean": 1.6,
      "std": 0.0
    },
    "twist_ccw": {
      "mean": 1.6,
      "std": 0.0
    },
    "extend": {
      "mean": 2.3999999999999995,
      "std": 4.440892098500626e-16
    },
    "retract": {
      "mean": 0.0,
      "std": 0.0
    }
  },
  "execution": {
    "relatum_minE": {
      "success_rate": 0.12,
      "avg_energy": 1.8666666666666665,
      "avg_steps": 1.5,
      "no_path_failures": 4
    },
    "greedy_graph": {
      "success_rate": 0.12,
      "avg_energy": 1.7999999999999996,
      "avg_steps": 1.1666666666666667,
      "no_path_failures": 4
    },
    "random_graph": {
      "success_rate": 0.36,
      "avg_energy": 16.6,
      "avg_steps": 13.166666666666666,
      "no_path_failures": 0
    }
  }
}