{
  "conv1": 0.9916809996681254,
  "conv2": 0.9923960670139579,
  "pool": 0.9827402884628912,
  "fc_latent": 0.9441619533033064,
  "pred_hidden1": 0.8924294406156847,
  "pred_hidden2": 0.8474200847449529,
  "pred_output": 0.9435879671791231
}