{
  "svcca": {
    "correlations": [
      0.9985266401369488,
      0.9978255686523365,
      0.9982212417396131,
      0.9983159136907264,
      0.9883150147797984,
      0.9861840993805927,
      0.9831932260310312,
      0.9780133166737054,
      0.9763421548998098,
      0.9740697534363325
    ]
  },
  "sindy_scores": {
    "plan_a_deg1": 0.1825035139618354,
    "plan_a_deg2": 0.21845714156394125,
    "plan_c_deg1": 0.27941924283201436,
    "plan_c_deg2": 0.3240322036601875
  },
  "best_plan": "plan_c_deg2",
  "sanity_score": 0.8081416312317702,
  "analysis": {
    "sparsity": 0.16666666666666666,
    "n_nonzero": 50,
    "has_linear_decay": false,
    "coefficients": [
      [
        -0.027043126553909103,
        0.013330392671053019,
        0.01624452765722108,
        0.004815613825760431,
        -0.023014960575073434,
        0.03698222621957777,
        -0.0273893845289196,
        0.014147516396357137,
        -0.007638387127040453,
        0.02415376122680591,
        0.004165326428466234,
        -0.01491668657562795,
        0.014058996360936151,
        -0.021743342875439393,
        0.007764274006992776
      ],
      [
        0.0,
        0.0,
        0.03635186534336665,
        0.01280200184573695,
        0.0,
        0.0,
        0.017957523716308967,
        -0.007824617361117866,
        -0.012628202990891253,
        0.016352069557570195,
        0.023409146293938324,
        0.010330956106288284,
        0.007345483192196707,
        -0.025665049908636554,
        0.0
      ],
      [
        -0.023509462710762107,
        0.0,
        0.01582039205855839,
        0.03316902037241573,
        0.0,
        0.0038333856565889147,
        -0.008296310542171814,
        0.005745991745988401,
        0.0,
        0.011783478304541177,
        0.013844836956653598,
        -0.020838453080895318,
        0.0,
        0.0,
        0.005974220925314423
      ],
      [
        -0.07920068970610625,
        -0.022304461240114308,
        0.014495261499402856,
        0.007443292701397651,
        0.021481786287520076,
        0.017383827065655135,
        -0.018061517639337506,
        -0.017932335594193542,
        0.01662179594628555,
        0.027277456319654027,
        0.026786236709812276,
        -0.014887465233739343,
        0.005094873556803212,
        -0.013764594096480558,
        0.01029019611090049
      ]
    ],
    "feature_names": [
      "1",
      "x0",
      "x1",
      "x2",
      "x3",
      "x0^2",
      "x0 x1",
      "x0 x2",
      "x0 x3",
      "x1^2",
      "x1 x2",
      "x1 x3",
      "x2^2",
      "x2 x3",
      "x3^2"
    ]
  },
  "top_terms": [
    {
      "equation": 3,
      "feature": "1",
      "coefficient": -0.07920068970610625
    },
    {
      "equation": 0,
      "feature": "x0^2",
      "coefficient": 0.03698222621957777
    },
    {
      "equation": 1,
      "feature": "x1",
      "coefficient": 0.03635186534336665
    },
    {
      "equation": 2,
      "feature": "x2",
      "coefficient": 0.03316902037241573
    },
    {
      "equation": 0,
      "feature": "x0 x1",
      "coefficient": -0.0273893845289196
    },
    {
      "equation": 3,
      "feature": "x1^2",
      "coefficient": 0.027277456319654027
    },
    {
      "equation": 0,
      "feature": "1",
      "coefficient": -0.027043126553909103
    },
    {
      "equation": 3,
      "feature": "x1 x2",
      "coefficient": 0.026786236709812276
    },
    {
      "equation": 1,
      "feature": "x2 x3",
      "coefficient": -0.025665049908636554
    },
    {
      "equation": 0,
      "feature": "x1^2",
      "coefficient": 0.02415376122680591
    },
    {
      "equation": 2,
      "feature": "1",
      "coefficient": -0.023509462710762107
    },
    {
      "equation": 1,
      "feature": "x1 x2",
      "coefficient": 0.023409146293938324
    },
    {
      "equation": 0,
      "feature": "x3",
      "coefficient": -0.023014960575073434
    },
    {
      "equation": 3,
      "feature": "x0",
      "coefficient": -0.022304461240114308
    },
    {
      "equation": 0,
      "feature": "x2 x3",
      "coefficient": -0.021743342875439393
    }
  ],
  "transfer": {
    "score": -0.08267805949111892,
    "in_domain": 0.3120181067244654,
    "retention": -0.26497840256472566
  },
  "intervention_systematic": true,
  "used_wsindy": true,
  "adaptive_thresholds": {
    "plan_a": 0.002604939260907523,
    "plan_c": 0.0031995269588843732
  }
}