{
  "cka_matrix": [
    [
      0.9999999999983986,
      0.9461504728933783,
      0.9373683282452541
    ],
    [
      0.9461504728933783,
      0.9999999999981996,
      0.9489670587712874
    ],
    [
      0.9373683282452541,
      0.9489670587712874,
      0.9999999999987756
    ]
  ],
  "effective_ranks": {
    "model_a": 14.459613800048828,
    "model_b": 12.567889213562012,
    "model_c": 14.675016403198242
  },
  "procrustes_residuals": {
    "model_a-model_b": 0.15954554080963135,
    "model_a-model_c": 0.15652626752853394,
    "model_b-model_c": 0.15790285170078278
  },
  "layer_cka": {
    "conv1": 0.9916809996681254,
    "conv2": 0.9923960670139579,
    "pool": 0.9827402884628912,
    "fc_latent": 0.9441619533033064,
    "pred_hidden1": 0.8924294406156847,
    "pred_hidden2": 0.8474200847449529,
    "pred_output": 0.9435879671791231
  },
  "control_random_cka": 0.3894321553293219,
  "control_noise_cka": 0.8796038363387165,
  "control_overfit_cka": 0.8810992259293605,
  "spectrum": {
    "model_a": {
      "effective_rank": 14.459613800048828,
      "mp_threshold": 1.9599999999999997,
      "n_signal_dims": 1,
      "top_eigenvalues": [
        5.583721160888672,
        0.22880466282367706,
        0.20107950270175934,
        0.16307392716407776,
        0.14597563445568085,
        0.03837982192635536,
        0.02921641431748867,
        0.02908257208764553,
        0.024864330887794495,
        0.022555964067578316
      ]
    },
    "model_b": {
      "effective_rank": 12.567889213562012,
      "mp_threshold": 1.9599999999999997,
      "n_signal_dims": 1,
      "top_eigenvalues": [
        7.862001895904541,
        0.20367465913295746,
        0.19050176441669464,
        0.16081257164478302,
        0.14244766533374786,
        0.03615906462073326,
        0.03487717732787132,
        0.030998582020401955,
        0.025810159742832184,
        0.02337517775595188
      ]
    },
    "model_c": {
      "effective_rank": 14.675016403198242,
      "mp_threshold": 1.9599999999999997,
      "n_signal_dims": 1,
      "top_eigenvalues": [
        5.899097442626953,
        0.2862373888492584,
        0.2271183431148529,
        0.1840340495109558,
        0.1568780094385147,
        0.04328266158699989,
        0.03778476640582085,
        0.02968720719218254,
        0.02771984040737152,
        0.02445784956216812
      ]
    }
  }
}