{
  "conv1": 0.9912229688005034,
  "conv2": 0.9868280968613998,
  "pool": 0.9574124462349212,
  "fc_latent": 0.9068936491948673,
  "pred_hidden1": 0.8303768533901552,
  "pred_hidden2": 0.7947252672128554,
  "pred_output": 0.9081065890125132
}