{
  "cka_matrix": [
    [
      0.999999999981731,
      0.9072176333538959,
      0.8994330383749214
    ],
    [
      0.9072176333538959,
      0.9999999999864965,
      0.9140302758557849
    ],
    [
      0.8994330383749214,
      0.9140302758557849,
      0.9999999999908419
    ]
  ],
  "effective_ranks": {
    "model_a": 16.12351417541504,
    "model_b": 14.440947532653809,
    "model_c": 15.524303436279297
  },
  "procrustes_residuals": {
    "model_a-model_b": 0.14232668280601501,
    "model_a-model_c": 0.15459752082824707,
    "model_b-model_c": 0.14999182522296906
  },
  "layer_cka": {
    "conv1": 0.9912229688005034,
    "conv2": 0.9868280968613998,
    "pool": 0.9574124462349212,
    "fc_latent": 0.9068936491948673,
    "pred_hidden1": 0.8303768533901552,
    "pred_hidden2": 0.7947252672128554,
    "pred_output": 0.9081065890125132
  },
  "control_random_cka": 0.3072496443442582,
  "control_noise_cka": 0.8341514440395654,
  "control_overfit_cka": 0.7691499553524186,
  "spectrum": {
    "model_a": {
      "effective_rank": 16.12351417541504,
      "mp_threshold": 1.9599999999999997,
      "n_signal_dims": 1,
      "top_eigenvalues": [
        2.6466479301452637,
        0.06115378811955452,
        0.05006483942270279,
        0.043760281056165695,
        0.04040662199258804,
        0.02972552552819252,
        0.02308967523276806,
        0.019006140530109406,
        0.01704944483935833,
        0.013819749467074871
      ]
    },
    "model_b": {
      "effective_rank": 14.440947532653809,
      "mp_threshold": 1.9599999999999997,
      "n_signal_dims": 1,
      "top_eigenvalues": [
        3.4920425415039062,
        0.07726957648992538,
        0.06513956189155579,
        0.0585465207695961,
        0.047326069325208664,
        0.022863192483782768,
        0.019207973033189774,
        0.01623758114874363,
        0.013965542428195477,
        0.013881897553801537
      ]
    },
    "model_c": {
      "effective_rank": 15.524303436279297,
      "mp_threshold": 1.9599999999999997,
      "n_signal_dims": 1,
      "top_eigenvalues": [
        2.8471081256866455,
        0.09878954291343689,
        0.07610185444355011,
        0.06835122406482697,
        0.051872264593839645,
        0.028778862208127975,
        0.0211012102663517,
        0.018822621554136276,
        0.015663856640458107,
        0.014251657761633396
      ]
    }
  }
}