{
  "ece_scores": {
    "curvature_high": 0.026816310161352157,
    "tension_saturated": 0.0007767677307128906,
    "tip_deviation": 0.03607611744701862
  },
  "mean_ece": 0.02122306511302789,
  "calibration_verdict": "Excellent (ECE < 0.05)",
  "threshold_sensitivity": {
    "curvature_high": {
      "best_threshold": 0.6698381304740906,
      "best_f1": 0.8806473315484129,
      "f1_05": 0.8800537574196439,
      "precision_05": 0.7857999999984284,
      "recall_05": 0.9999999999974548
    },
    "tension_saturated": {
      "best_threshold": 0.955763041973114,
      "best_f1": 0.9993995146156944,
      "f1_05": 0.9992995096567597,
      "precision_05": 0.9985999999980029,
      "recall_05": 0.9999999999979973
    },
    "tip_deviation": {
      "best_threshold": 0.37788331508636475,
      "best_f1": 0.6159097611318289,
      "f1_05": 0.05734450816056462,
      "precision_05": 0.7471264366957326,
      "recall_05": 0.02981651376133112
    }
  },
  "aggregation_comparison": {
    "noisy_or": {
      "ece_all": 0.6535210581065842,
      "ece_any": 7.894189341572933e-05,
      "f1_all": 0.5143366513148121,
      "f1_any": 0.9998999899989999,
      "acc_any": 0.9998
    },
    "hard_threshold": {
      "ece_all": 0.0,
      "ece_any": 0.0,
      "f1_all": 0.5143366513148121,
      "f1_any": 0.9998999899989999,
      "acc_any": 0.9998
    },
    "mean": {
      "ece_all": 0.3895560228586197,
      "ece_any": 0.2641228605985642,
      "f1_all": 0.5143366513148121,
      "f1_any": 0.9998999899989999,
      "acc_any": 0.9998
    },
    "max": {
      "ece_all": 0.6516232380986213,
      "ece_any": 0.001976761901378632,
      "f1_all": 0.5143366513148121,
      "f1_any": 0.9998999899989999,
      "acc_any": 0.9998
    }
  },
  "best_aggregation": "noisy_or"
}